{"schemaVersion":"1.0","appDefinitionTemplate":{"id":"/providers/Microsoft.PowerApps/apps/","type":"Microsoft.PowerApps/apps","tags":{"primaryDeviceWidth":"1366","primaryDeviceHeight":"768","sienaVersion":"20210921T125001Z-3.21091.38.0","deviceCapabilities":"","supportsPortrait":"true","supportsLandscape":"true","primaryFormFactor":"Tablet","publisherVersion":"3.21091.38","minimumRequiredApiVersion":"2.2.0","hasComponent":"false","hasUnlockedComponent":"false","isUnifiedRootApp":"false"},"properties":{"appVersion":"2021-09-21T12:50:01Z","lifeCycleId":"Published","createdByClientVersion":{"major":3,"minor":21091,"build":38,"revision":0,"majorRevision":0,"minorRevision":0},"minClientVersion":{"major":3,"minor":21091,"build":38,"revision":0,"majorRevision":0,"minorRevision":0},"backgroundColor":"rgba(0, 176, 240, 1)","backgroundImageUri":"/4110001580499622948/Nfe266b25-cd7f-4bd7-a32c-d78ab1ed0e67-logoSmallFile","displayName":"TeamsApp","description":"","commitMessage":"","appUris":{"documentUri":{"value":"/4110001580499622948/Nc9785571-f404-4879-b5f3-fca4132fd109-document.msapp"},"imageUris":[]},"createdTime":"0001-01-01T00:00:00Z","lastModifiedTime":"0001-01-01T00:00:00Z","sharedGroupsCount":0,"sharedUsersCount":0,"icons":{"smallIconUri":"/4110001580499622948/N97fe29ba-3a12-48d2-ba28-0c3999f4846c-small.png","mediumIconUri":"/4110001580499622948/Nd92cdec2-4d53-4ac6-8c59-c7565a91aa2b-medium.png","largeIconUri":"/4110001580499622948/N0f3f007d-670d-40a0-8ea0-440fb86d27f3-large.png","wideIconUri":"/4110001580499622948/Na67e26cf-9595-4446-bbf9-a2eb9e04c355-wide.png"},"connectionReferences":{"daf196c3-65d2-4170-822c-9e6413d38a9c":{"id":"8a2ce998-ba1d-49d3-b6e4-fc7226488276","displayName":"Microsoft Teams","iconUri":"https://connectoricons-prod.azureedge.net/releases/v1.0.1511/1.0.1511.2542/teams/icon.png","dataSources":["MicrosoftTeams"],"dependencies":[],"dependents":[],"parameterHints":{},"parameterHintsV2":{},"isOnPremiseConnection":false,"bypassConsent":false,"dataSets":{},"apiTier":"Standard","isCustomApiConnection":false,"actions":["GetAllTeams","GetTeam","GetChannelsForGroup","GetMessagesFromChannel"]},"fa8def40-6613-4864-9110-1b01568d9060":{"id":"5345842f-0112-45b5-8b81-140c244997c1","displayName":"Office 365 ユーザー","iconUri":"https://connectoricons-prod.azureedge.net/releases/v1.0.1510/1.0.1510.2537/office365users/icon.png","dataSources":["Office365ユーザー"],"dependencies":[],"dependents":[],"parameterHints":{},"parameterHintsV2":{},"isOnPremiseConnection":false,"bypassConsent":false,"dataSets":{},"apiTier":"Standard","isCustomApiConnection":false,"actions":["UserPhotoV2"]}},"databaseReferences":{},"almMode":"Solution","performanceOptimizationEnabled":true,"canConsumeAppPass":true,"executionRestrictions":{"isTeamsOnly":false,"dataLossPreventionEvaluationResult":{"status":"Compliant","lastEvaluationDate":"2021-09-19T01:32:57.3283889Z","violations":[],"violationsByPolicy":[],"violationErrorMessage":"このアプリでは、次のコネクタが使用されます: shared_teams。"}}},"appType":"ClassicCanvasApp","appComponents":[]}}