{"schemaVersion":"1.0","appDefinitionTemplate":{"id":"/providers/Microsoft.PowerApps/apps/","type":"Microsoft.PowerApps/apps","tags":{"primaryDeviceWidth":"1366","primaryDeviceHeight":"768","sienaVersion":"20210919T032911Z-3.21091.38.0","deviceCapabilities":"","supportsPortrait":"true","supportsLandscape":"true","primaryFormFactor":"Tablet","publisherVersion":"3.21091.38","minimumRequiredApiVersion":"2.2.0","hasComponent":"false","hasUnlockedComponent":"false","isUnifiedRootApp":"false"},"properties":{"appVersion":"2021-09-19T03:29:11Z","lifeCycleId":"Published","createdByClientVersion":{"major":3,"minor":21091,"build":38,"revision":0,"majorRevision":0,"minorRevision":0},"minClientVersion":{"major":3,"minor":21091,"build":38,"revision":0,"majorRevision":0,"minorRevision":0},"backgroundColor":"rgba(0, 176, 240, 1)","backgroundImageUri":"/4110001580499622948/Ned68fae5-c989-438d-b283-6e2c6bb85882-logoSmallFile","displayName":"TeamsApp","description":"","commitMessage":"","appUris":{"documentUri":{"value":"/4110001580499622948/N6c882c22-2e8b-4353-94f2-80d868df80e3-document.msapp"},"imageUris":[]},"createdTime":"0001-01-01T00:00:00Z","lastModifiedTime":"0001-01-01T00:00:00Z","sharedGroupsCount":0,"sharedUsersCount":0,"icons":{"smallIconUri":"/4110001580499622948/N32b19838-b5e6-478e-bc44-8941642d75b9-small.png","mediumIconUri":"/4110001580499622948/N00dbeb02-df23-4ef8-8201-90171b8e82e0-medium.png","largeIconUri":"/4110001580499622948/N91d741ee-b72d-4e1b-b683-8b0daa027292-large.png","wideIconUri":"/4110001580499622948/N77d4558b-4422-4378-9b22-1870da833523-wide.png"},"connectionReferences":{"daf196c3-65d2-4170-822c-9e6413d38a9c":{"id":"8a2ce998-ba1d-49d3-b6e4-fc7226488276","displayName":"Microsoft Teams","iconUri":"https://connectoricons-prod.azureedge.net/releases/v1.0.1511/1.0.1511.2542/teams/icon.png","dataSources":["MicrosoftTeams"],"dependencies":[],"dependents":[],"parameterHints":{},"parameterHintsV2":{},"isOnPremiseConnection":false,"bypassConsent":false,"dataSets":{},"apiTier":"Standard","isCustomApiConnection":false,"actions":["GetAllTeams","GetTeam","GetChannelsForGroup","GetMessagesFromChannel"]}},"databaseReferences":{},"almMode":"Solution","performanceOptimizationEnabled":true,"canConsumeAppPass":true,"executionRestrictions":{"isTeamsOnly":false,"dataLossPreventionEvaluationResult":{"status":"Compliant","lastEvaluationDate":"2021-09-19T01:32:57.3283889Z","violations":[],"violationsByPolicy":[],"violationErrorMessage":"このアプリでは、次のコネクタが使用されます: shared_teams。"}}},"appType":"ClassicCanvasApp","appComponents":[]}}